level,聚宽名(去后缀),2021版名
sw2,IT服务,IT服务
sw2,一般零售,一般零售
sw2,专业工程,专业工程
sw2,专业服务,专业服务
sw2,专业零售,专业连锁
sw2,专用设备,专用设备
sw2,个护用品,个护用品
sw2,中药,中药
sw2,乘用车,乘用车
sw2,互联网电商,互联网电商
sw2,休闲食品,休闲食品
sw2,体育,体育
sw2,保险,保险
sw2,元件,元件
sw2,光伏设备,光伏设备
sw2,光学光电子,光学光电子
sw2,其他交运设备,摩托车及其他
sw2,其他家电,其他家电
sw2,其他建材,装修建材
sw2,其他电子,其他电子
sw2,军工电子,军工电子
sw2,农业综合,农业综合
sw2,农产品加工,农产品加工
sw2,农化制品,农化制品
sw2,农商行,农商行
sw2,冶钢原料,冶钢原料
sw2,出版,出版
sw2,动物保健,动物保健
sw2,包装印刷,包装印刷
sw2,化妆品,化妆品
sw2,化学制品,化学制品
sw2,化学制药,化学制药
sw2,化学原料,化学原料
sw2,化学纤维,化学纤维
sw2,医疗器械,医疗器械
sw2,医疗服务,医疗服务
sw2,医疗美容,医疗美容
sw2,医药商业,医药商业
sw2,半导体,半导体
sw2,厨卫电器,厨卫电器
sw2,商用车,商用车
sw2,国有大型银行,国有大型银行
sw2,地面兵装,地面兵装
sw2,城商行,城商行
sw2,基础建设,基础建设
sw2,塑料,塑料
sw2,多元金融,多元金融
sw2,家用轻工,家居用品
sw2,家电零部件,家电零部件
sw2,小家电,小家电
sw2,工业金属,工业金属
sw2,工程咨询服务,工程咨询服务
sw2,工程机械,工程机械
sw2,广告营销,广告营销
sw2,影视院线,影视院线
sw2,房地产开发,房地产开发
sw2,房地产服务,房地产服务
sw2,房屋建设,房屋建设
sw2,教育,教育
sw2,数字媒体,数字媒体
sw2,文娱用品,文娱用品
sw2,旅游及景区,旅游及景区
sw2,旅游零售,旅游零售
sw2,普钢,普钢
sw2,服装家纺,服装家纺
sw2,林业,林业
sw2,橡胶,橡胶
sw2,水泥制造,水泥
sw2,汽车服务,汽车服务
sw2,汽车零部件,汽车零部件
sw2,油服工程,油服工程
sw2,油气开采,油气开采
sw2,渔业,渔业
sw2,游戏,游戏
sw2,炼化及贸易,炼化及贸易
sw2,焦炭,焦炭
sw2,煤炭开采,煤炭开采
sw2,照明设备,照明设备
sw2,燃气,燃气
sw2,物流,物流
sw2,特钢,特钢
sw2,环保设备,环保设备
sw2,环境治理,环境治理
sw2,玻璃制造,玻璃玻纤
sw2,生物制品,生物制品
sw2,电力,电力
sw2,电子制造,消费电子
sw2,电子化学品,电子化学品
sw2,电机,电机
sw2,电池,电池
sw2,电源设备,其他电源设备
sw2,电网设备,电网设备
sw2,电视广播,电视广播
sw2,畜禽养殖,养殖业
sw2,白色家电,白色家电
sw2,白酒,白酒
sw2,种植业,种植业
sw2,稀有金属,小金属
sw2,纺织制造,纺织制造
sw2,综合,综合
sw2,股份制银行,股份制银行
sw2,能源金属,能源金属
sw2,自动化设备,自动化设备
sw2,航天装备,航天装备
sw2,航空机场,航空机场
sw2,航空装备,航空装备
sw2,航运港口,航运港口
sw2,船舶制造,航海装备
sw2,装修装饰,装修装饰
sw2,视听器材,黑色家电
sw2,计算机设备,计算机设备
sw2,证券,证券
sw2,调味发酵品,调味发酵品
sw2,贸易,贸易
sw2,软件开发,软件开发
sw2,运输设备,轨交设备
sw2,通信设备,通信设备
sw2,通信运营,通信服务
sw2,通用机械,通用设备
sw2,造纸,造纸
sw2,酒店餐饮,酒店餐饮
sw2,金属非金属新材料,金属新材料
sw2,铁路公路,铁路公路
sw2,非白酒,非白酒
sw2,非金属材料,非金属材料
sw2,风电设备,风电设备
sw2,食品加工,食品加工
sw2,饮料乳品,饮料乳品
sw2,饰品,饰品
sw2,饲料,饲料
sw2,黄金,贵金属
sw3,IT服务,IT服务
sw3,LED,LED
sw3,专业连锁,专业连锁
sw3,个护小家电,个护小家电
sw3,中药,中药
sw3,中间产品及消费品供应链服务,中间产品及消费品供应链服务
sw3,乳品,乳品
sw3,产业地产,产业地产
sw3,人力资源服务,人力资源服务
sw3,人工景点,人工景区
sw3,仓储物流,仓储物流
sw3,仪器仪表,仪器仪表
sw3,会展服务,会展服务
sw3,体外诊断,体外诊断
sw3,体育,体育
sw3,保健品,保健品
sw3,保险,保险
sw3,信托,信托
sw3,光伏加工设备,光伏加工设备
sw3,光伏发电,光伏发电
sw3,光伏电池组件,光伏电池组件
sw3,光伏辅材,光伏辅材
sw3,光学元件,光学元件
sw3,公交,公交
sw3,公路货运,公路货运
sw3,其他专业工程,其他专业工程
sw3,其他专业服务,其他专业服务
sw3,其他交运设备,其他运输设备
sw3,其他养殖,其他养殖
sw3,其他农产品加工,其他农产品加工
sw3,其他化学制品,其他化学制品
sw3,其他化学原料,其他化学原料
sw3,其他医疗服务,其他医疗服务
sw3,其他塑料制品,其他塑料制品
sw3,其他家居用品,其他家居用品
sw3,其他家电,其他家电
sw3,其他建材,其他建材
sw3,其他数字媒体,其他数字媒体
sw3,其他橡胶制品,其他橡胶制品
sw3,其他汽车零部件,其他汽车零部件
sw3,其他生物制品,其他生物制品
sw3,其他电子,其他电子
sw3,其他石化,其他石化
sw3,其他种植业,其他种植业
sw3,其他稀有小金属,其他小金属
sw3,其他纤维,其他化学纤维
sw3,其他纺织,其他纺织
sw3,其他能源发电,其他能源发电
sw3,其他自动化设备,其他自动化设备
sw3,其他计算机设备,其他计算机设备
sw3,其他通信设备,其他通信设备
sw3,其他酒类,其他酒类
sw3,其他饰品,其他饰品
sw3,其它专用机械,其他专用设备
sw3,其它电源设备,其他电源设备
sw3,其它视听器材,其他黑色家电
sw3,其它通用机械,其他通用设备
sw3,军工电子,军工电子
sw3,农业综合,农业综合
sw3,农商行,农商行
sw3,农用机械,农用机械
sw3,农药,农药
sw3,冰洗,冰洗
sw3,冶金矿采化工设备,能源及重型设备
sw3,冶钢辅料,冶钢辅料
sw3,分立器件,分立器件
sw3,制冷空调设备,制冷空调设备
sw3,动力煤,动力煤
sw3,动物保健,动物保健
sw3,化妆品制造及其他,化妆品制造及其他
sw3,化学制剂,化学制剂
sw3,化学原料药,原料药
sw3,化学工程,化学工程
sw3,医疗研发外包,医疗研发外包
sw3,医疗耗材,医疗耗材
sw3,医疗设备,医疗设备
sw3,医美服务,医美服务
sw3,医美耗材,医美耗材
sw3,医药流通,医药流通
sw3,医院,医院
sw3,半导体材料,半导体材料
sw3,半导体设备,半导体设备
sw3,卫浴制品,卫浴制品
sw3,卫浴电器,卫浴电器
sw3,印制电路板,印制电路板
sw3,印刷,印刷
sw3,印刷包装机械,印刷包装机械
sw3,印染,印染
sw3,原材料供应链服务,原材料供应链服务
sw3,厨房小家电,厨房小家电
sw3,厨房电器,厨房电器
sw3,合成树脂,合成树脂
sw3,品牌化妆品,品牌化妆品
sw3,品牌消费电子,品牌消费电子
sw3,商业地产,商业地产
sw3,商业物业经营,商业物业经营
sw3,商用载客车,商用载客车
sw3,商用载货车,商用载货车
sw3,啤酒,啤酒
sw3,园林工程,园林工程
sw3,固废治理,固废治理
sw3,国有大型银行,国有大型银行
sw3,国际工程承包,国际工程
sw3,图片媒体,图片媒体
sw3,地面兵装,地面兵装
sw3,垂直应用软件,垂直应用软件
sw3,城商行,城商行
sw3,培训教育,培训教育
sw3,基建市政工程,基建市政工程
sw3,塑料包装,塑料包装
sw3,复合肥,复合肥
sw3,多业态零售,多业态零售
sw3,大众出版,大众出版
sw3,大宗用纸,大宗用纸
sw3,大气治理,大气治理
sw3,娱乐用品,娱乐用品
sw3,学历教育,学历教育
sw3,安防设备,安防设备
sw3,定制家居,定制家居
sw3,宠物食品,宠物食品
sw3,家电零部件,家电零部件
sw3,家纺,家纺
sw3,工控设备,工控设备
sw3,工程咨询服务,工程咨询服务
sw3,工程机械器件,工程机械器件
sw3,工程机械整机,工程机械整机
sw3,广告媒体,广告媒体
sw3,底盘与发动机系统,底盘与发动机系统
sw3,彩电,彩电
sw3,影视动漫制作,影视动漫制作
sw3,快递,快递
sw3,成品家居,成品家居
sw3,房产租赁经纪,房产租赁经纪
sw3,房地产开发,住宅开发
sw3,房地产综合服务,房地产综合服务
sw3,房屋建设,房屋建设
sw3,摩托车,摩托车
sw3,改性塑料,改性塑料
sw3,教育出版,教育出版
sw3,教育运营及其他,教育运营及其他
sw3,数字芯片设计,数字芯片设计
sw3,文化用品,文化用品
sw3,文字媒体,文字媒体
sw3,旅游综合,旅游综合
sw3,旅游零售,旅游零售
sw3,无机盐,无机盐
sw3,显示器件,面板
sw3,有机硅,有机硅
sw3,期货,期货
sw3,机器人,机器人
sw3,机场,机场
sw3,机床工具,机床工具
sw3,板材,板材
sw3,林业,林业
sw3,果蔬加工,果蔬加工
sw3,核力发电,核力发电
sw3,检测服务,检测服务
sw3,棉纺,棉纺
sw3,楼宇设备,楼宇设备
sw3,模拟芯片设计,模拟芯片设计
sw3,横向通用软件,横向通用软件
sw3,橡胶助剂,橡胶助剂
sw3,民爆用品,民爆制品
sw3,氟化工及制冷剂,氟化工
sw3,氨纶,氨纶
sw3,氮肥,氮肥
sw3,氯碱,氯碱
sw3,水产养殖,水产养殖
sw3,水产饲料,水产饲料
sw3,水务及水治理,水务及水治理
sw3,水泥制品,水泥制品
sw3,水泥制造,水泥制造
sw3,水电,水力发电
sw3,汽车电子电气系统,汽车电子电气系统
sw3,汽车经销商,汽车经销商
sw3,汽车综合服务,汽车综合服务
sw3,油品石化贸易,油品石化贸易
sw3,油气及炼化工程,油气及炼化工程
sw3,油气开采,油气开采
sw3,油田服务,油田服务
sw3,洗护用品,洗护用品
sw3,海洋捕捞,海洋捕捞
sw3,涂料,涂料
sw3,涂料油漆油墨制造,涂料油墨
sw3,消费电子零部件及组装,消费电子零部件及组装
sw3,涤纶,涤纶
sw3,清洁小家电,清洁小家电
sw3,港口,港口
sw3,游戏,游戏
sw3,激光设备,激光设备
sw3,火电,火力发电
sw3,火电设备,火电设备
sw3,炭黑,炭黑
sw3,炼油化工,炼油化工
sw3,烘焙食品,烘焙食品
sw3,热电,热力服务
sw3,焦炭,焦炭
sw3,焦煤,焦煤
sw3,煤化工,煤化工
sw3,照明设备,照明设备
sw3,熟食,熟食
sw3,燃料电池,燃料电池
sw3,燃气,燃气
sw3,物业管理,物业管理
sw3,特种纸,特种纸
sw3,特钢,特钢
sw3,环保设备,环保设备
sw3,玻璃制造,玻璃制造
sw3,玻纤制造,玻纤制造
sw3,瓷砖地板,瓷砖地板
sw3,生活用纸,生活用纸
sw3,生猪养殖,生猪养殖
sw3,电信运营商,电信运营商
sw3,电动乘用车,电动乘用车
sw3,电商服务,电商服务
sw3,电子化学品,电子化学品
sw3,电机,电机
sw3,电池化学品,电池化学品
sw3,电网自动化,电网自动化设备
sw3,电能综合服务,电能综合服务
sw3,电视广播,电视广播
sw3,畜禽饲料,畜禽饲料
sw3,疫苗,疫苗
sw3,白酒,白酒
sw3,白银,白银
sw3,百货,百货
sw3,硅料硅片,硅料硅片
sw3,磁性材料,磁性材料
sw3,磨具磨料,磨具磨料
sw3,磷肥,磷肥及磷化工
sw3,种子生产,种子
sw3,租赁,租赁
sw3,稀土,稀土
sw3,空调,空调
sw3,管材,管材
sw3,粘胶,粘胶
sw3,粮油加工,粮油加工
sw3,粮食种植,粮食种植
sw3,纯碱,纯碱
sw3,纸包装,纸包装
sw3,纺织化学用品,纺织化学制品
sw3,纺织服装设备,纺织服装设备
sw3,纺织鞋类制造,纺织鞋类制造
sw3,线下药店,线下药店
sw3,线缆部件及其他,线缆部件及其他
sw3,综合,综合
sw3,综合乘用车,综合乘用车
sw3,综合包装,综合包装
sw3,综合环境治理,综合环境治理
sw3,综合电力设备商,综合电力设备商
sw3,综合电商,综合电商
sw3,耐火材料,耐火材料
sw3,聚氨酯,聚氨酯
sw3,肉制品,肉制品
sw3,肉鸡养殖,肉鸡养殖
sw3,股份制银行,股份制银行
sw3,胶黏剂及胶带,胶黏剂及胶带
sw3,膜材料,膜材料
sw3,自然景点,自然景区
sw3,航天装备,航天装备
sw3,航空装备,航空装备
sw3,航空运输,航空运输
sw3,航运,航运
sw3,船舶制造,航海装备
sw3,营销代理,营销代理
sw3,蓄电池及其他电池,蓄电池及其他电池
sw3,血液制品,血液制品
sw3,被动元件,被动元件
sw3,装修装饰,装修装饰
sw3,视频媒体,视频媒体
sw3,计量仪表,电工仪器仪表
sw3,证券,证券
sw3,诊断服务,诊断服务
sw3,调味发酵品,调味发酵品
sw3,贸易,贸易
sw3,资产管理,资产管理
sw3,超市,超市
sw3,跨境物流,跨境物流
sw3,跨境电商,跨境电商
sw3,车身附件及饰件,车身附件及饰件
sw3,轮胎轮毂,轮胎轮毂
sw3,软饮料,软饮料
sw3,辅料,辅料
sw3,输变电设备,输变电设备
sw3,运动服装,运动服装
sw3,逆变器,逆变器
sw3,通信工程及服务,通信工程及服务
sw3,通信应用增值服务,通信应用增值服务
sw3,通信线缆及配套,通信线缆及配套
sw3,通信终端及配件,通信终端及配件
sw3,通信网络设备及器件,通信网络设备及器件
sw3,配电设备,配电设备
sw3,酒店,酒店
sw3,金属制品,金属制品
sw3,金属包装,金属包装
sw3,金属新材料,其他金属新材料
sw3,金融信息服务,金融信息服务
sw3,金融控股,金融控股
sw3,钛白粉,钛白粉
sw3,钟表珠宝,钟表珠宝
sw3,钢结构,钢结构
sw3,钢铁管材,钢铁管材
sw3,钨,钨
sw3,钴,钴
sw3,钼,钼
sw3,钾肥,钾肥
sw3,铁矿石,铁矿石
sw3,铁路设备,轨交设备
sw3,铁路运输,铁路运输
sw3,铅锌,铅锌
sw3,铜,铜
sw3,铝,铝
sw3,锂,锂
sw3,锂电专用设备,锂电专用设备
sw3,锂电池,锂电池
sw3,锦纶,锦纶
sw3,镍,镍
sw3,长材,长材
sw3,门户网站,门户网站
sw3,防水材料,防水材料
sw3,院线,院线
sw3,集成电路制造,集成电路制造
sw3,集成电路封测,集成电路封测
sw3,零食,零食
sw3,非运动服装,非运动服装
sw3,非金属新材料,非金属材料
sw3,鞋帽,鞋帽及其他
sw3,预加工食品,预加工食品
sw3,风力发电,风力发电
sw3,风电整机,风电整机
sw3,风电零部件,风电零部件
sw3,食品及饲料添加剂,食品及饲料添加剂
sw3,食用菌,食用菌
sw3,餐饮,餐饮
sw3,高速公路,高速公路
sw3,黄金,黄金
sw1,休闲服务,社会服务
sw1,化工,基础化工
sw1,商业贸易,商贸零售
sw1,电气设备,电力设备
sw1,纺织服装,纺织服饰
sw1,采掘,煤炭
